Brand,Branch,Office,Keyword,Processed_Row
Martin & Co,Newport,Martin & Co - Newport,estate agents in Newport,1
Martin & Co,Norwich,Martin & Co - Norwich,estate agents in Norwich,2
Martin & Co,Nottingham City,Martin & Co - Nottingham City,estate agents in Nottingham City,3
Martin & Co,Oxford,Martin & Co - Oxford,estate agents in Oxford,4
Martin & Co,Paisley,Martin & Co - Paisley,estate agents in Paisley,5
Martin & Co,Plymouth,Martin & Co - Plymouth,estate agents in Plymouth,6
Martin & Co,Pontefract,Martin & Co - Pontefract,estate agents in Pontefract,7
Martin & Co,Poole,Martin & Co - Poole,estate agents in Poole,8
Martin & Co,Portsmouth,Martin & Co - Portsmouth,estate agents in Portsmouth,9
Martin & Co,Reading,Martin & Co - Reading,estate agents in Reading,10
Martin & Co,Reading Caversham,Martin & Co - Reading Caversham,estate agents in Reading Caversham,11
Martin & Co,Redhill,Martin & Co - Redhill,estate agents in Redhill,12
Martin & Co,Ringwood,Martin & Co - Ringwood,estate agents in Ringwood,13
Martin & Co,Rochdale,Martin & Co - Rochdale,estate agents in Rochdale,14
Martin & Co,Romford,Martin & Co - Romford,estate agents in Romford,15
Martin & Co,Rotherham,Martin & Co - Rotherham,estate agents in Rotherham,16
Martin & Co,Saltaire,Martin & Co - Saltaire,estate agents in Saltaire,17
Martin & Co,Sheffield,Martin & Co - Sheffield,estate agents in Sheffield,18
Martin & Co,Shrewsbury,Martin & Co - Shrewsbury,estate agents in Shrewsbury,19
Martin & Co,Slough,Martin & Co - Slough,estate agents in Slough,20
Fine & Country,Abergavenny,Fine &Country-Abergavenny,Estate agents in Abergavenny,21
Fine & Country,Almondsbury,Fine &Country-Almondsbury,Estate agents in Almondsbury,22
Fine & Country,Ambleside,Fine &Country-Ambleside,Estate agents in Ambleside,23
Fine & Country,Ascot and Wentworth,Fine &Country-Ascot and Wentworth,Estate agents in Ascot,24
Fine & Country,Ascot and Wentworth,Fine &Country-Ascot and Wentworth,Estate agents in Wentworth,25
Fine & Country,Ashford and the Weald,Fine &Country-Ashford and the Weald,Estate agents in Ashford,26
Fine & Country,Ashford and the Weald,Fine &Country-Ashford and the Weald,Estate agents in Weald,27
Fine & Country,Banbury and Buckingham,Fine &Country-Banbury and Buckingham,Estate agents in Banbury,28
Fine & Country,Banbury and Buckingham,Fine &Country-Banbury and Buckingham,Estate agents in Buckingham,29
Fine & Country,Barbados,Fine &Country-Barbados,Estate agents in Barbados,30
Fine & Country,Barnes,Fine &Country-Barnes,Estate agents in Barnes,31
Fine & Country,"Barnet, Totteridge & Hadley Wood","Fine &Country-Barnet, Totteridge & Hadley Wood",Estate agents in Barnet,32
Fine & Country,"Barnet, Totteridge & Hadley Wood","Fine &Country-Barnet, Totteridge & Hadley Wood",Estate agents in Totteridge,33
Fine & Country,"Barnet, Totteridge & Hadley Wood","Fine &Country-Barnet, Totteridge & Hadley Wood",Estate agents in Hadley Wood,34
Fine & Country,Barnstaple,Fine &Country-Barnstaple,Estate agents in Barnstaple,35
Fine & Country,Basingstoke and Hook,Fine &Country-Basingstoke and Hook,Estate agents in Basingstoke,36
Fine & Country,Basingstoke and Hook,Fine &Country-Basingstoke and Hook,Estate agents in Hook,37
Fine & Country,Bath,Fine &Country-Bath,Estate agents in Bath,38
Fine & Country,Bawtry,Fine &Country-Bawtry,Estate agents in Bawtry,39
Fine & Country,Beccles and Waveney,Fine &Country-Beccles and Waveney,Estate agents in Beccles,40
Fine & Country,Beccles and Waveney,Fine &Country-Beccles and Waveney,Estate agents in Waveney,41
Fine & Country,Bedford & Central Bedfordshire,Fine &Country-Bedford & Central Bedfordshire,Estate agents in Bedford,42
Fine & Country,Belgravia,Fine &Country-Belgravia,Estate agents in Belgravia,43
Fine & Country,Benahavis,Fine &Country-Benahavis,Estate agents in Benahavis,44
Fine & Country,Berkhamsted,Fine &Country-Berkhamsted,Estate agents in Berkhamsted,45
Fine & Country,Berlin Southwest,Fine &Country-Berlin Southwest,Estate agents in Berlin Southwest,46
Fine & Country,Billericay Estate Agents,Fine &Country-Billericay Estate Agents,Estate agents in Billericay,47
Fine & Country,Birmingham,Fine &Country-Birmingham,Estate agents in Birmingham,48
Fine & Country,"Bishops Stortford, Saffron Walden & Dunmow","Fine &Country-Bishops Stortford, Saffron Walden & Dunmow",Estate agents in Bishops Stortford,49
Fine & Country,"Bishops Stortford, Saffron Walden & Dunmow","Fine &Country-Bishops Stortford, Saffron Walden & Dunmow",Estate agents in Saffron Walden,50
Fine & Country,"Bishops Stortford, Saffron Walden & Dunmow","Fine &Country-Bishops Stortford, Saffron Walden & Dunmow",Estate agents in Dunmow,51
Fine & Country,Bolton,Fine &Country-Bolton,Estate agents in Bolton,52
Fine & Country,Braunton,Fine &Country-Braunton,Estate agents in Braunton,53
Fine & Country,Brecon,Fine &Country-Brecon,Estate agents in Brecon,54
Fine & Country,Bristol,Fine &Country-Bristol,Estate agents in Bristol,55
Fine & Country,Brookmans Park,Fine &Country-Brookmans Park,Estate agents in Brookmans Park,56
Fine & Country,Broxbourne and Lea valley,Fine &Country-Broxbourne and Lea valley,Estate agents in Broxbourne,57
Fine & Country,Broxbourne and Lea valley,Fine &Country-Broxbourne and Lea valley,Estate agents in Lea valley,58
Fine & Country,Bude,Fine &Country-Bude,Estate agents in Bude,59
Fine & Country,Calder Valley,Fine &Country-Calder Valley,Estate agents in Calder Valley,60
Fine & Country,Cardiff,Fine &Country-Cardiff,Estate agents in Cardiff,61
Fine & Country,Carmarthenshire,Fine &Country-Carmarthenshire,Estate agents in Carmarthenshire,62
Fine & Country,Caterham,Fine &Country-Caterham,Estate agents in Caterham,63
Fine & Country,Cheam,Fine &Country-Cheam,Estate agents in Cheam,64
Fine & Country,Chelsea and South Kensington,Fine &Country-Chelsea and South Kensington,Estate agents in Chelsea,65
Fine & Country,Chelsea and South Kensington,Fine &Country-Chelsea and South Kensington,Estate agents in South Kensington,66
Fine & Country,"Cheltenham, Gloucester and Tewkesbury","Fine &Country-Cheltenham, Gloucester and Tewkesbury","Estate agents in Cheltenham,",67
Fine & Country,"Cheltenham, Gloucester and Tewkesbury","Fine &Country-Cheltenham, Gloucester and Tewkesbury",Estate agents in Gloucester,68
Fine & Country,"Cheltenham, Gloucester and Tewkesbury","Fine &Country-Cheltenham, Gloucester and Tewkesbury",Estate agents in Tewkesbury,69
Fine & Country,Chepstow,Fine &Country-Chepstow,Estate agents in Chepstow,70
