Keyword,Ranking List,Position
estate agents in Newport,[],
estate agents in Norwich,[],
estate agents in Nottingham City,[],
estate agents in Oxford,[],
estate agents in Paisley,[],
estate agents in Plymouth,[],
estate agents in Pontefract,[],
estate agents in Poole,[],
estate agents in Portsmouth,[],
estate agents in Reading,[],
estate agents in Reading Caversham,[],
estate agents in Redhill,[],
estate agents in Ringwood,[],
estate agents in Rochdale,[],
estate agents in Romford,[],
estate agents in Rotherham,[],
estate agents in Saltaire,[],
estate agents in Sheffield,[],
estate agents in Shrewsbury,[],
estate agents in Slough,[],
Estate agents in Abergavenny,[],
Estate agents in Almondsbury,[],
Estate agents in Ambleside,[],
Estate agents in Ascot,[],
Estate agents in Wentworth,[],
Estate agents in Ashford,[],
Estate agents in Weald,[],
Estate agents in Banbury,[],
Estate agents in Buckingham,[],
Estate agents in Barbados,[],
Estate agents in Barnes,[],
Estate agents in Barnet,[],
Estate agents in Totteridge,[],
Estate agents in Hadley Wood,[],
Estate agents in Barnstaple,[],
Estate agents in Basingstoke,[],
Estate agents in Hook,[],
Estate agents in Bath,[],
Estate agents in Bawtry,[],
Estate agents in Beccles,[],
Estate agents in Waveney,[],
Estate agents in Bedford,[],
Estate agents in Belgravia,[],
Estate agents in Benahavis,[],
Estate agents in Berkhamsted,[],
Estate agents in Berlin Southwest,[],
Estate agents in Billericay,[],
Estate agents in Birmingham,[],
Estate agents in Bishops Stortford,[],
Estate agents in Saffron Walden,[],
Estate agents in Dunmow,[],
Estate agents in Bolton,[],
Estate agents in Braunton,[],
Estate agents in Brecon,[],
Estate agents in Bristol,[],
Estate agents in Brookmans Park,[],
Estate agents in Broxbourne,[],
Estate agents in Lea valley,[],
Estate agents in Bude,[],
Estate agents in Calder Valley,[],
Estate agents in Cardiff,[],
Estate agents in Carmarthenshire,[],
Estate agents in Caterham,[],
Estate agents in Cheam,[],
Estate agents in Chelsea,[],
Estate agents in South Kensington,[],
"Estate agents in Cheltenham,",[],
Estate agents in Gloucester,[],
Estate agents in Tewkesbury,[],
Estate agents in Chepstow,[],
